first_name,last_name,email,gender,ip_address
Hersh,Fochs,hfochs0@webeden.co.uk,Male,41.122.47.40
Phil,Wonham,pwonham1@shop-pro.jp,Male,51.155.34.4
Catina,Armfirld,carmfirld2@yolasite.com,Non-binary,106.176.5.200
Taddeo,Tonry,ttonry3@usa.gov,Non-binary,237.79.212.245
Jarrett,Pollington,jpollington4@yellowpages.com,Genderfluid,38.10.74.134
Demetrius,Bizley,dbizley5@macromedia.com,Male,26.57.16.212
Bronson,Domoney,bdomoney6@etsy.com,Genderqueer,224.252.43.43
Celisse,Tarling,ctarling7@discovery.com,Polygender,94.73.235.131
Farrand,Pashenkov,fpashenkov8@scribd.com,Genderfluid,161.73.196.34
Dannie,Hazeup,dhazeup9@quantcast.com,Polygender,205.31.47.10
